Ambulance_ID,Ambulance_Type,Latitude,Longitude,Availability
AMB_0001,Advanced Life Support,26.865247357088037,75.67448569984262,Busy
AMB_0002,Basic Life Support,26.922350669795357,75.92089175490617,Available
AMB_0003,Advanced Life Support,26.938854276423555,75.94026111900897,Busy
AMB_0004,Basic Life Support,26.886701356232788,75.67627479481924,Available
AMB_0005,Advanced Life Support,26.90586445086429,75.76762286875966,Busy
AMB_0006,Basic Life Support,26.810082189829416,75.85053963776099,Available
AMB_0007,Basic Life Support,26.84228437240258,75.66769424536095,Maintenance
AMB_0008,Basic Life Support,26.792718575222604,75.9948619010745,Available
AMB_0009,Advanced Life Support,26.979211058701164,75.76399458257056,Busy
AMB_0010,Basic Life Support,26.990146289975918,75.80871619944634,Available
AMB_0011,Basic Life Support,26.823191457958746,75.8185665824623,Available
AMB_0012,Basic Life Support,26.99387524423486,75.68244319238708,Maintenance
AMB_0013,Advanced Life Support,26.9792283097193,75.80874169299439,Maintenance
AMB_0014,Advanced Life Support,26.776023068191442,75.98512515000793,Available
AMB_0015,Basic Life Support,26.809103727512063,75.90378956504166,Available
AMB_0016,Basic Life Support,26.966753788631333,75.97478827501308,Busy
AMB_0017,Advanced Life Support,26.75565884189047,75.94557511276896,Maintenance
AMB_0018,Advanced Life Support,26.832542325567065,75.75745499295293,Available
AMB_0019,Basic Life Support,26.770138545621386,75.9482190269683,Available
AMB_0020,Advanced Life Support,26.96482504351247,75.92982960284321,Available
AMB_0021,Advanced Life Support,26.959523753802333,75.86405275494145,Available
AMB_0022,Critical Care,26.798210164528065,75.68201137662889,Available
AMB_0023,Advanced Life Support,26.79177895227557,75.6524805168494,Available
AMB_0024,Basic Life Support,26.867075163466254,75.88787902463336,Available
AMB_0025,Advanced Life Support,26.78779482778557,75.66156683100972,Busy
AMB_0026,Basic Life Support,26.78173512146173,75.65662614870207,Available
AMB_0027,Basic Life Support,26.81109485911713,75.83760094791927,Available
AMB_0028,Basic Life Support,26.831574351344877,75.92292575425509,Available
AMB_0029,Basic Life Support,26.858357808872974,75.93363024692175,Busy
AMB_0030,Advanced Life Support,26.866361981475404,75.91332496300939,Available
AMB_0031,Basic Life Support,26.819794397487843,75.90530739474943,Available
AMB_0032,Advanced Life Support,26.960551120896667,75.72995672695956,Available
AMB_0033,Basic Life Support,26.83302876173695,75.89885019704832,Busy
AMB_0034,Advanced Life Support,26.811448309924334,75.9001543262115,Available
AMB_0035,Advanced Life Support,26.752513730904372,75.87067404765298,Maintenance
AMB_0036,Basic Life Support,26.97123110220046,75.94488902233302,Available
AMB_0037,Advanced Life Support,26.843371930774865,75.76602842036293,Available
AMB_0038,Critical Care,26.891069766602044,75.69979910133003,Available
AMB_0039,Advanced Life Support,26.754178543996847,75.99488939659493,Busy
AMB_0040,Advanced Life Support,26.821365571149432,75.94860427078501,Available
AMB_0041,Basic Life Support,26.851883514955617,75.71002570171275,Available
AMB_0042,Critical Care,26.971159466723886,75.83880449014849,Available
AMB_0043,Advanced Life Support,26.93706998651931,75.7372338239857,Available
AMB_0044,Basic Life Support,26.860229394488503,75.80272349018958,Busy
AMB_0045,Basic Life Support,26.80005043118874,75.72619649259175,Available
AMB_0046,Basic Life Support,26.971624814504743,75.82792970245085,Available
AMB_0047,Advanced Life Support,26.956687907182673,75.99922456621701,Available
AMB_0048,Basic Life Support,26.813194473351924,75.71005875243848,Available
AMB_0049,Advanced Life Support,26.853489637773492,75.76015592310002,Available
AMB_0050,Advanced Life Support,26.830143574047433,75.76445686391178,Busy
AMB_0051,Advanced Life Support,26.77995500873643,75.65611672330627,Available
AMB_0052,Critical Care,26.753735986108428,75.77216352420321,Available
AMB_0053,Basic Life Support,26.754828067382686,75.83108543466146,Available
AMB_0054,Advanced Life Support,26.92726296268209,75.82878378400335,Available
AMB_0055,Basic Life Support,26.841258322405892,75.84794812885544,Busy
AMB_0056,Basic Life Support,26.776368501688637,75.72440927397612,Available
AMB_0057,Advanced Life Support,26.947051354820957,75.87777391155127,Available
AMB_0058,Basic Life Support,26.762909952068625,75.7264822493948,Busy
AMB_0059,Advanced Life Support,26.861442642894982,75.81212231842701,Available
AMB_0060,Basic Life Support,26.770672891208626,75.66830108710633,Busy
AMB_0061,Basic Life Support,26.83723932085819,75.790593215474,Available
AMB_0062,Critical Care,26.874651613356658,75.7374977310121,Available
AMB_0063,Basic Life Support,26.955585288094813,75.7930588248676,Available
AMB_0064,Advanced Life Support,26.87307608969824,75.77354017187274,Busy
AMB_0065,Basic Life Support,26.94241411351278,75.8126897174813,Available
AMB_0066,Basic Life Support,26.848122415312343,75.70055411098859,Available
AMB_0067,Basic Life Support,26.827334601583225,75.96463241519717,Busy
AMB_0068,Advanced Life Support,26.826760525070405,75.67923914999928,Busy
AMB_0069,Advanced Life Support,26.953322426521712,75.99160526000917,Available
AMB_0070,Advanced Life Support,26.77197787546542,75.66705510272955,Busy
AMB_0071,Basic Life Support,26.830031588449962,75.88057079301385,Busy
AMB_0072,Advanced Life Support,26.860443726032493,75.65158803510732,Available
AMB_0073,Advanced Life Support,26.755490559154754,75.82465653806345,Busy
AMB_0074,Advanced Life Support,26.849338015792863,75.70853494615307,Available
AMB_0075,Critical Care,26.81681087586133,75.79754047787844,Available
AMB_0076,Advanced Life Support,26.95196715444055,75.89468162134337,Available
AMB_0077,Advanced Life Support,26.964320180874182,75.65612669233755,Busy
AMB_0078,Critical Care,26.98252336705299,75.76008776489087,Available
AMB_0079,Basic Life Support,26.788809360744512,75.94643966579096,Available
AMB_0080,Advanced Life Support,26.827595513802834,75.8806824551188,Available
AMB_0081,Advanced Life Support,26.819455029408743,75.86102076606277,Available
AMB_0082,Advanced Life Support,26.845157788526492,75.88165761093505,Available
AMB_0083,Basic Life Support,26.94538562696266,75.7409868264407,Available
AMB_0084,Critical Care,26.99997216561641,75.70401454440656,Available
AMB_0085,Critical Care,26.792876672363253,75.80312593464913,Available
AMB_0086,Advanced Life Support,26.98072002764164,75.96255837314116,Available
AMB_0087,Advanced Life Support,26.89761983088018,75.96758202431961,Available
AMB_0088,Advanced Life Support,26.91504104194345,75.94593513327011,Busy
AMB_0089,Basic Life Support,26.762660945329973,75.88537916092103,Available
AMB_0090,Advanced Life Support,26.76999601240187,75.87170192760377,Available
AMB_0091,Critical Care,26.829197646556583,75.92353357742525,Available
AMB_0092,Advanced Life Support,26.82307759272833,75.84453553023539,Available
AMB_0093,Basic Life Support,26.89551312994215,75.70116892060616,Available
AMB_0094,Critical Care,26.927032604659935,75.98377597439654,Available
AMB_0095,Basic Life Support,26.915150719927745,75.90144445389585,Busy
AMB_0096,Basic Life Support,26.98058429804932,75.88200485301758,Busy
AMB_0097,Basic Life Support,26.849005820373595,75.67604857883981,Available
AMB_0098,Basic Life Support,26.793040549142702,75.79200153804165,Available
AMB_0099,Advanced Life Support,26.833657164228317,75.6634286906343,Available
AMB_0100,Critical Care,26.866789533772558,75.84004032815581,Busy
AMB_0101,Advanced Life Support,26.92968049884119,75.73161192767742,Available
AMB_0102,Basic Life Support,26.754665454443273,75.9239992294286,Available
AMB_0103,Basic Life Support,26.83295977273709,75.9352790960274,Available
AMB_0104,Basic Life Support,26.864872683217875,75.84355593273702,Available
AMB_0105,Advanced Life Support,26.940700822253106,75.83189986389638,Busy
AMB_0106,Advanced Life Support,26.94767616653303,75.98476029375612,Busy
AMB_0107,Critical Care,26.997630085571046,75.69957129336295,Available
AMB_0108,Advanced Life Support,26.97248427958884,75.76153351149495,Busy
AMB_0109,Advanced Life Support,26.945201679181842,75.79320343534143,Maintenance
AMB_0110,Advanced Life Support,26.78858294099782,75.93090979491996,Available
AMB_0111,Basic Life Support,26.862552905774393,75.97675085695994,Available
AMB_0112,Basic Life Support,26.793279507776546,75.68107003477677,Available
AMB_0113,Critical Care,26.780202906377113,75.71658715967318,Available
AMB_0114,Basic Life Support,26.866295738917483,75.9165617925755,Available
AMB_0115,Advanced Life Support,26.784110669709403,75.67043733393058,Busy
AMB_0116,Advanced Life Support,26.877556691038745,75.72741785698068,Available
AMB_0117,Advanced Life Support,26.774409360361517,75.92525624787514,Available
AMB_0118,Advanced Life Support,26.99706695312476,75.84242992407135,Available
AMB_0119,Critical Care,26.819497784998873,75.70819916128356,Available
AMB_0120,Advanced Life Support,26.82888628705226,75.74088398639493,Busy
AMB_0121,Advanced Life Support,26.86272416029335,75.74699599657306,Available
AMB_0122,Advanced Life Support,26.93651920309138,75.72108284277276,Available
AMB_0123,Advanced Life Support,26.77516971414147,75.98356617132195,Available
AMB_0124,Critical Care,26.869977019569664,75.6826881213525,Available
AMB_0125,Basic Life Support,26.819602276351866,75.93284090275372,Available
AMB_0126,Critical Care,26.840263709043896,75.89707752861864,Busy
AMB_0127,Basic Life Support,26.89384419345802,75.938200978251,Available
AMB_0128,Basic Life Support,26.91711637116839,75.98797440141398,Available
AMB_0129,Basic Life Support,26.905677828870967,75.9085101796068,Available
AMB_0130,Advanced Life Support,26.7879658807904,75.74656656613224,Available
AMB_0131,Advanced Life Support,26.882184217001004,75.7428132409353,Maintenance
AMB_0132,Advanced Life Support,26.778152888273834,75.98649929483754,Available
AMB_0133,Basic Life Support,26.93375958038724,75.95760242429746,Available
AMB_0134,Basic Life Support,26.927545625752284,75.69548627289433,Available
AMB_0135,Advanced Life Support,26.773339987351246,75.75302928339151,Available
AMB_0136,Basic Life Support,26.992733583486228,75.66293992088747,Available
AMB_0137,Advanced Life Support,26.824728053062902,75.73603135537994,Available
AMB_0138,Advanced Life Support,26.841979905541606,75.72368564812399,Maintenance
AMB_0139,Advanced Life Support,26.977180770731145,75.90393125562348,Available
AMB_0140,Advanced Life Support,26.987326977454124,75.6820692954513,Available
AMB_0141,Basic Life Support,26.93921853784441,75.670808333947,Busy
AMB_0142,Advanced Life Support,26.96582942029928,75.82335544008808,Available
AMB_0143,Critical Care,26.875563752094386,75.71411361681719,Available
AMB_0144,Advanced Life Support,26.83790811500639,75.8381164178156,Available
AMB_0145,Advanced Life Support,26.988325620414294,75.80553284234944,Available
AMB_0146,Advanced Life Support,26.88528555333619,75.69640519585772,Available
AMB_0147,Critical Care,26.960615565147396,75.79144687211716,Available
AMB_0148,Basic Life Support,26.877685409650905,75.66032497920415,Busy
AMB_0149,Basic Life Support,26.76426543626756,75.99719329033354,Available
AMB_0150,Critical Care,26.951119354380427,75.86643117592698,Available
AMB_0151,Advanced Life Support,26.753588326866478,75.93434402752091,Available
AMB_0152,Basic Life Support,26.826308483285967,75.6962286754587,Busy
AMB_0153,Basic Life Support,26.964155324941657,75.73567848012183,Busy
AMB_0154,Advanced Life Support,26.833408930634917,75.9974455489947,Available
AMB_0155,Advanced Life Support,26.990085770498023,75.74068468166612,Busy
AMB_0156,Advanced Life Support,26.797215365319772,75.898097338102,Busy
AMB_0157,Critical Care,26.996112451195813,75.6660157787244,Busy
AMB_0158,Basic Life Support,26.766114470973296,75.83197456042745,Busy
AMB_0159,Advanced Life Support,26.783511438765224,75.69751569443875,Available
AMB_0160,Critical Care,26.806132807173388,75.86571926501885,Busy
AMB_0161,Critical Care,26.928788623508446,75.74569457130536,Available
AMB_0162,Advanced Life Support,26.9152900344255,75.9049014551871,Available
AMB_0163,Advanced Life Support,26.86704824818417,75.72725870731934,Available
AMB_0164,Basic Life Support,26.904554184774025,75.66867858284698,Busy
AMB_0165,Basic Life Support,26.848556647710623,75.78626982052326,Busy
AMB_0166,Basic Life Support,26.778137459147278,75.97926355347103,Maintenance
AMB_0167,Basic Life Support,26.812498568895514,75.75319412286815,Available
AMB_0168,Basic Life Support,26.866430555415583,75.97941177213885,Busy
AMB_0169,Critical Care,26.973694282652318,75.67968760516423,Available
AMB_0170,Advanced Life Support,26.942042151249147,75.87139528241255,Available
AMB_0171,Critical Care,26.795366305966816,75.84767613276294,Available
AMB_0172,Critical Care,26.907113020307676,75.66419209132097,Available
AMB_0173,Advanced Life Support,26.98337749221322,75.72369664948178,Available
AMB_0174,Basic Life Support,26.755824226967484,75.94300480177075,Busy
AMB_0175,Advanced Life Support,26.812991768796444,75.86995900154645,Available
AMB_0176,Basic Life Support,26.99647778948641,75.67317711493057,Available
AMB_0177,Advanced Life Support,26.92540125629951,75.91595256687717,Available
AMB_0178,Basic Life Support,26.811099648412576,75.672846809121,Available
AMB_0179,Basic Life Support,26.89402007561253,75.70763075548614,Busy
AMB_0180,Basic Life Support,26.970871002290952,75.88153631371534,Available
AMB_0181,Critical Care,26.998841905690153,75.94779766326174,Available
AMB_0182,Advanced Life Support,26.967138420433542,75.92587088083472,Maintenance
AMB_0183,Critical Care,26.913217420729303,75.7279975158306,Available
AMB_0184,Basic Life Support,26.880930214606803,75.92804227740582,Available
AMB_0185,Basic Life Support,26.842067268071837,75.84041777386496,Available
AMB_0186,Basic Life Support,26.99517487884555,75.882682698743,Available
AMB_0187,Basic Life Support,26.97300003946555,75.69615076061396,Busy
AMB_0188,Advanced Life Support,26.975381263067536,75.8177138383438,Busy
AMB_0189,Basic Life Support,26.75447170975292,75.94912706844067,Available
AMB_0190,Advanced Life Support,26.80073906255202,75.70650334756616,Available
AMB_0191,Basic Life Support,26.853260541342383,75.97544022940247,Available
AMB_0192,Basic Life Support,26.981788872779436,75.87055525984283,Busy
AMB_0193,Advanced Life Support,26.86158420938783,75.95468407786926,Available
AMB_0194,Advanced Life Support,26.88340439685228,75.83701001895925,Available
AMB_0195,Basic Life Support,26.801391490613604,75.81574523325175,Busy
AMB_0196,Critical Care,26.819773430122627,75.80526329443241,Available
AMB_0197,Advanced Life Support,26.907061883332574,75.81313991717744,Available
AMB_0198,Basic Life Support,26.847559120679612,75.81249902862771,Available
AMB_0199,Basic Life Support,26.81901572581839,75.93271591883148,Available
AMB_0200,Basic Life Support,26.905503983902396,75.97549319651391,Busy
AMB_0201,Basic Life Support,26.89469080049095,75.80009140334501,Available
AMB_0202,Advanced Life Support,26.85816571258951,75.9229648134011,Busy
AMB_0203,Advanced Life Support,26.89567847002171,75.89839495988434,Available
AMB_0204,Basic Life Support,26.99859726690376,75.69565996825082,Busy
AMB_0205,Basic Life Support,26.864466075054988,75.7305324165126,Available
AMB_0206,Advanced Life Support,26.832756708426718,75.70362957168454,Available
AMB_0207,Basic Life Support,26.912340392414634,75.77497974429137,Busy
AMB_0208,Advanced Life Support,26.887857338204356,75.97352211911787,Busy
AMB_0209,Basic Life Support,26.98068910817559,75.68335739360737,Busy
AMB_0210,Basic Life Support,26.871917125445837,75.78375884383028,Available
AMB_0211,Advanced Life Support,26.875191588112305,75.65425954772898,Available
AMB_0212,Basic Life Support,26.888314747078407,75.80600350545204,Busy
AMB_0213,Critical Care,26.995466394449572,75.73120266329947,Maintenance
AMB_0214,Advanced Life Support,26.843954628659844,75.98455216766375,Available
AMB_0215,Advanced Life Support,26.922990083398098,75.80909032671548,Busy
AMB_0216,Advanced Life Support,26.848616104424416,75.87320146955877,Available
AMB_0217,Critical Care,26.861494208142574,75.90292813073182,Available
AMB_0218,Critical Care,26.79594304997714,75.88861611158663,Available
AMB_0219,Basic Life Support,26.83829178149305,75.73956395398784,Available
AMB_0220,Advanced Life Support,26.934571689189557,75.99561224192203,Busy
AMB_0221,Advanced Life Support,26.928990699987406,75.73363438381031,Available
AMB_0222,Advanced Life Support,26.87632795355815,75.8493863406768,Available
AMB_0223,Basic Life Support,26.8633906303298,75.83268884626182,Available
AMB_0224,Advanced Life Support,26.75480715627565,75.65521993460361,Maintenance
AMB_0225,Advanced Life Support,26.97870210512234,75.70697014229185,Available
AMB_0226,Advanced Life Support,26.928378884751698,75.74861393096771,Available
AMB_0227,Basic Life Support,26.785745423689317,75.65141376072691,Available
AMB_0228,Basic Life Support,26.926450955378474,75.73320081387331,Busy
AMB_0229,Basic Life Support,26.940685920483745,75.65930037006926,Available
AMB_0230,Basic Life Support,26.905110533352683,75.65182084983077,Available
AMB_0231,Basic Life Support,26.76006551071537,75.84577084281793,Available
AMB_0232,Advanced Life Support,26.967192188125225,75.86964103515098,Available
AMB_0233,Advanced Life Support,26.826650577704047,75.9745821751823,Busy
AMB_0234,Critical Care,26.860368010469294,75.79012452770148,Available
AMB_0235,Basic Life Support,26.968419286459543,75.71381609810996,Maintenance
AMB_0236,Critical Care,26.83892554938411,75.90274746627016,Busy
AMB_0237,Advanced Life Support,26.805650576502863,75.67030387162704,Busy
AMB_0238,Advanced Life Support,26.918620892623924,75.7214057786971,Available
AMB_0239,Advanced Life Support,26.802196515800635,75.74534235297777,Available
AMB_0240,Basic Life Support,26.988773716465225,75.87648153669865,Available
AMB_0241,Critical Care,26.903634852778758,75.93750403105948,Maintenance
AMB_0242,Advanced Life Support,26.91302628955708,75.65632558004063,Busy
AMB_0243,Advanced Life Support,26.92022452445422,75.82091117069433,Available
AMB_0244,Basic Life Support,26.903511846342347,75.82809037654529,Available
AMB_0245,Advanced Life Support,26.928430847023805,75.97397804283149,Busy
AMB_0246,Basic Life Support,26.785123807961792,75.92671348455046,Maintenance
AMB_0247,Advanced Life Support,26.976989379540164,75.93757714794536,Available
AMB_0248,Advanced Life Support,26.794153615069312,75.85178485773464,Maintenance
AMB_0249,Basic Life Support,26.8672239775738,75.91816392911252,Available
AMB_0250,Advanced Life Support,26.927685995817544,75.8137632988926,Maintenance
AMB_0251,Critical Care,26.83264419976898,75.65121517055564,Busy
AMB_0252,Basic Life Support,26.96530418870354,75.89484462562895,Available
AMB_0253,Advanced Life Support,26.955565395908547,75.66745370547393,Available
AMB_0254,Advanced Life Support,26.76891472110527,75.82652202987241,Available
AMB_0255,Basic Life Support,26.884193160327552,75.69096760780597,Available
AMB_0256,Basic Life Support,26.934648756817747,75.6997777133589,Available
AMB_0257,Basic Life Support,26.810693503828034,75.67729639999165,Busy
AMB_0258,Advanced Life Support,26.87398038724246,75.9787984891096,Busy
AMB_0259,Advanced Life Support,26.79688000463846,75.9688005263707,Available
AMB_0260,Advanced Life Support,26.91368215117024,75.67602443092875,Available
AMB_0261,Advanced Life Support,26.892322123664705,75.99123301707849,Available
AMB_0262,Advanced Life Support,26.774908589241974,75.92315298254442,Available
AMB_0263,Advanced Life Support,26.844018540916387,75.78014852959355,Busy
AMB_0264,Advanced Life Support,26.986919612480822,75.65351286345238,Busy
AMB_0265,Advanced Life Support,26.86302582365996,75.71853213799571,Available
AMB_0266,Critical Care,26.88536046998896,75.7693438742891,Available
AMB_0267,Advanced Life Support,26.896794201988186,75.77748797001,Busy
AMB_0268,Critical Care,26.80339120247142,75.80799542741529,Available
AMB_0269,Advanced Life Support,26.765892744605576,75.89539252966549,Available
AMB_0270,Advanced Life Support,26.75265394817025,75.88289316128304,Available
AMB_0271,Basic Life Support,26.978592338375133,75.71793495742034,Busy
AMB_0272,Basic Life Support,26.92264141565918,75.94636852204482,Busy
AMB_0273,Advanced Life Support,26.944617052470967,75.79025040838438,Available
AMB_0274,Advanced Life Support,26.944957417295857,75.98944386191761,Maintenance
AMB_0275,Advanced Life Support,26.968643715210877,75.92004344274424,Available
AMB_0276,Advanced Life Support,26.7830023068961,75.93319287996962,Available
AMB_0277,Basic Life Support,26.951911524682256,75.85588941222838,Busy
AMB_0278,Basic Life Support,26.877806201322812,75.83054048561594,Maintenance
AMB_0279,Critical Care,26.941967402162152,75.80516416798469,Available
AMB_0280,Critical Care,26.991390199084393,75.72491084477535,Available
AMB_0281,Basic Life Support,26.81020075821246,75.93575956150401,Available
AMB_0282,Basic Life Support,26.943052421465868,75.72500591924553,Available
AMB_0283,Basic Life Support,26.823251561777955,75.69574269666313,Available
AMB_0284,Advanced Life Support,26.89292264994846,75.9919898467435,Available
AMB_0285,Basic Life Support,26.79158067133368,75.73857803337596,Available
AMB_0286,Basic Life Support,26.8662608882566,75.66523808274647,Available
AMB_0287,Basic Life Support,26.91187880885617,75.88045205259144,Available
AMB_0288,Basic Life Support,26.95461197846883,75.84649401162599,Available
AMB_0289,Advanced Life Support,26.8329343919041,75.65494636009623,Busy
AMB_0290,Critical Care,26.77267014326549,75.69745649377253,Busy
AMB_0291,Advanced Life Support,26.85712353652866,75.785114086318,Available
AMB_0292,Basic Life Support,26.776486525817997,75.79488795373982,Maintenance
AMB_0293,Basic Life Support,26.76542372392878,75.97423737553977,Available
AMB_0294,Advanced Life Support,26.86731867017618,75.73883768322978,Available
AMB_0295,Basic Life Support,26.750998860290338,75.8048203775859,Available
AMB_0296,Basic Life Support,26.863372267489396,75.78959854937607,Available
AMB_0297,Critical Care,26.97257214707722,75.84019019235468,Available
AMB_0298,Advanced Life Support,26.942105158324118,75.90689223056306,Available
AMB_0299,Basic Life Support,26.93667691992368,75.82741090957315,Available
AMB_0300,Basic Life Support,26.88156486244544,75.73454687327369,Busy
AMB_0301,Advanced Life Support,26.830023838405495,75.93130534967509,Available
AMB_0302,Critical Care,26.971420471125878,75.7515090932892,Available
AMB_0303,Advanced Life Support,26.926779847398024,75.67337354297108,Available
AMB_0304,Basic Life Support,26.816170611730016,75.68149939455569,Available
AMB_0305,Advanced Life Support,26.925463105233096,75.73080837197851,Available
AMB_0306,Advanced Life Support,26.962901159483216,75.66025087369766,Available
AMB_0307,Critical Care,26.868508646850486,75.95773073362375,Available
AMB_0308,Advanced Life Support,26.87497915358448,75.90294071154806,Maintenance
AMB_0309,Basic Life Support,26.89867548563461,75.93982181703252,Available
AMB_0310,Critical Care,26.90304251700901,75.68605357163396,Busy
AMB_0311,Advanced Life Support,26.911672104587538,75.99760885025263,Available
AMB_0312,Advanced Life Support,26.9504241897704,75.67660049272344,Available
AMB_0313,Advanced Life Support,26.83284957778427,75.99425904131576,Busy
AMB_0314,Critical Care,26.87406837167058,75.99899029244197,Available
AMB_0315,Critical Care,26.86600767980567,75.94549255227345,Busy
AMB_0316,Critical Care,26.87463649583613,75.68462478309551,Available
AMB_0317,Critical Care,26.911074839635646,75.87193123880276,Available
AMB_0318,Basic Life Support,26.969014725175512,75.807944957302,Available
AMB_0319,Advanced Life Support,26.768316752010826,75.96187193071856,Busy
AMB_0320,Basic Life Support,26.888802412247937,75.7877024603936,Available
AMB_0321,Advanced Life Support,26.75835744674152,75.81492566571863,Busy
AMB_0322,Advanced Life Support,26.768844156586002,75.74156128938142,Available
AMB_0323,Basic Life Support,26.808560512883226,75.76500431430377,Busy
AMB_0324,Basic Life Support,26.919233387013637,75.74073182666262,Busy
AMB_0325,Basic Life Support,26.864306323860195,75.70349008854654,Busy
AMB_0326,Advanced Life Support,26.778158995435152,75.84412492107914,Busy
AMB_0327,Basic Life Support,26.959594127011584,75.66107181197856,Available
AMB_0328,Advanced Life Support,26.959108991738464,75.88327277201113,Available
AMB_0329,Basic Life Support,26.972416715279547,75.98811608041474,Available
AMB_0330,Basic Life Support,26.752897695242048,75.76980908868515,Available
AMB_0331,Advanced Life Support,26.75586384594661,75.8827779317643,Available
AMB_0332,Critical Care,26.77655087980987,75.82556251414368,Busy
AMB_0333,Advanced Life Support,26.83022009317327,75.8158798885393,Maintenance
AMB_0334,Advanced Life Support,26.885776037529457,75.97343434909928,Available
AMB_0335,Basic Life Support,26.80572971830581,75.99547628592055,Available
AMB_0336,Basic Life Support,26.97572020886322,75.9071835766898,Busy
AMB_0337,Critical Care,26.992246471925117,75.67140775824232,Busy
AMB_0338,Basic Life Support,26.871014239017466,75.78770441402314,Available
AMB_0339,Basic Life Support,26.92244382612708,75.81925898401305,Busy
AMB_0340,Basic Life Support,26.78515142331384,75.92679118830507,Available
AMB_0341,Advanced Life Support,26.770951252899714,75.81804454521969,Available
AMB_0342,Advanced Life Support,26.910331190427165,75.96097437024157,Available
AMB_0343,Basic Life Support,26.89847112000815,75.9520295167026,Busy
AMB_0344,Basic Life Support,26.834053731857328,75.80042557763295,Maintenance
AMB_0345,Basic Life Support,26.857156105297605,75.91109547495893,Available
AMB_0346,Basic Life Support,26.848101445081163,75.89665818959865,Available
AMB_0347,Critical Care,26.992363173956903,75.70537129028823,Available
AMB_0348,Advanced Life Support,26.807495459308385,75.6811794507169,Busy
AMB_0349,Critical Care,26.915977261566887,75.94016628950466,Available
AMB_0350,Critical Care,26.77939952310286,75.93950088924112,Available
AMB_0351,Advanced Life Support,26.843830629613453,75.86215578636123,Available
AMB_0352,Advanced Life Support,26.851320697872804,75.98628796857719,Available
AMB_0353,Basic Life Support,26.754067089091134,75.74618232817284,Available
AMB_0354,Advanced Life Support,26.894493041232558,75.71386448684876,Busy
AMB_0355,Basic Life Support,26.910862871403733,75.69107206001758,Available
AMB_0356,Basic Life Support,26.914673887050697,75.85108677754684,Available
AMB_0357,Advanced Life Support,26.91799169297682,75.69486740409049,Available
AMB_0358,Critical Care,26.806371501698074,75.9499163278441,Busy
AMB_0359,Advanced Life Support,26.885991425599034,75.73550391030814,Available
AMB_0360,Critical Care,26.849782331947196,75.95488031525261,Available
AMB_0361,Critical Care,26.86699701541,75.82018822444287,Available
AMB_0362,Advanced Life Support,26.759792842583536,75.69291959638402,Available
AMB_0363,Basic Life Support,26.93280059548131,75.91963704201828,Available
AMB_0364,Basic Life Support,26.96253071364606,75.90453879759524,Available
AMB_0365,Basic Life Support,26.9916612287299,75.67265583161588,Available
AMB_0366,Critical Care,26.964276233892846,75.97735201690126,Busy
AMB_0367,Advanced Life Support,26.91103653301037,75.80222964963353,Busy
AMB_0368,Basic Life Support,26.83645219496102,75.72372511432016,Available
AMB_0369,Advanced Life Support,26.851535007407414,75.97109547985673,Available
AMB_0370,Basic Life Support,26.96803157860174,75.72159415624128,Available
AMB_0371,Basic Life Support,26.995641300547287,75.8471533736657,Available
AMB_0372,Advanced Life Support,26.92888138143833,75.74649203709998,Available
AMB_0373,Advanced Life Support,26.982984144850334,75.72491594988419,Available
AMB_0374,Basic Life Support,26.819021520025927,75.69033381921506,Available
AMB_0375,Critical Care,26.89187794219213,75.6605206234237,Busy
AMB_0376,Basic Life Support,26.890797341676464,75.74649783327115,Available
AMB_0377,Advanced Life Support,26.988760658096343,75.9794293664042,Available
AMB_0378,Advanced Life Support,26.933489280915822,75.91747452232332,Busy
AMB_0379,Critical Care,26.834543416686664,75.86425220285184,Available
AMB_0380,Critical Care,26.79023656525144,75.74961833858808,Busy
AMB_0381,Basic Life Support,26.88462762982832,75.98491567568502,Maintenance
AMB_0382,Basic Life Support,26.901384982439907,75.73634616016935,Busy
AMB_0383,Advanced Life Support,26.938298595796976,75.6767683361759,Maintenance
AMB_0384,Basic Life Support,26.891490090700284,75.83619768754507,Available
AMB_0385,Basic Life Support,26.902312870771585,75.87672996765703,Available
AMB_0386,Basic Life Support,26.924169988984872,75.74562880672232,Available
AMB_0387,Advanced Life Support,26.92272639436833,75.66372707140948,Busy
AMB_0388,Advanced Life Support,26.913057893548743,75.87396973574671,Available
AMB_0389,Advanced Life Support,26.89059804016364,75.82329490901708,Available
AMB_0390,Advanced Life Support,26.7552383478362,75.8973121001101,Available
AMB_0391,Advanced Life Support,26.905946806793384,75.98422636074127,Available
AMB_0392,Basic Life Support,26.8461483547826,75.87578072387895,Busy
AMB_0393,Basic Life Support,26.80192730575442,75.8327757451371,Available
AMB_0394,Basic Life Support,26.871495884448375,75.90164046103028,Maintenance
AMB_0395,Advanced Life Support,26.99982483280532,75.75213950692802,Busy
AMB_0396,Advanced Life Support,26.933357796897994,75.8531833549129,Available
AMB_0397,Basic Life Support,26.943315215565207,75.85642757686053,Available
AMB_0398,Advanced Life Support,26.8437001295097,75.9647242946202,Available
AMB_0399,Basic Life Support,26.801053795940653,75.82156832573753,Busy
AMB_0400,Critical Care,26.89256568998579,75.9647651419679,Available
AMB_0401,Basic Life Support,26.89135156516897,75.85845770829168,Busy
AMB_0402,Basic Life Support,26.941316199484653,75.89367068550955,Available
AMB_0403,Critical Care,26.85532358779206,75.90863821283024,Available
AMB_0404,Advanced Life Support,26.918344887948482,75.75021715350366,Available
AMB_0405,Critical Care,26.910834171460035,75.75753766412458,Busy
AMB_0406,Advanced Life Support,26.981502317236362,75.89058971809392,Available
AMB_0407,Basic Life Support,26.949397296211686,75.99721283936597,Available
AMB_0408,Basic Life Support,26.950330734439184,75.91740383420166,Available
AMB_0409,Basic Life Support,26.870664643359962,75.88549264709206,Available
AMB_0410,Basic Life Support,26.97437918739991,75.94110182967594,Available
AMB_0411,Basic Life Support,26.92371631680986,75.73292724691346,Available
AMB_0412,Critical Care,26.94257721107444,75.72897528885412,Available
AMB_0413,Critical Care,26.774409726069667,75.94783859248231,Maintenance
AMB_0414,Advanced Life Support,26.923598742910052,75.98923450608741,Available
AMB_0415,Basic Life Support,26.87353177197763,75.66672557450353,Available
AMB_0416,Basic Life Support,26.96202984199221,75.97634573313894,Busy
AMB_0417,Critical Care,26.764902748517468,75.95826521202947,Available
AMB_0418,Basic Life Support,26.779958811453497,75.72312194205385,Busy
AMB_0419,Basic Life Support,26.97374272094672,75.84215536055292,Available
AMB_0420,Advanced Life Support,26.992878144599743,75.85318224393478,Busy
AMB_0421,Critical Care,26.860104294353917,75.88911513028982,Busy
AMB_0422,Basic Life Support,26.857685033982065,75.67201470920887,Available
AMB_0423,Basic Life Support,26.89932864567271,75.75018917427823,Available
AMB_0424,Basic Life Support,26.955605152752693,75.6770085446431,Available
AMB_0425,Advanced Life Support,26.952444880016188,75.78042867640052,Busy
AMB_0426,Basic Life Support,26.976918720046786,75.84774711316659,Maintenance
AMB_0427,Advanced Life Support,26.925924197767667,75.93017258070853,Busy
AMB_0428,Advanced Life Support,26.844758129099006,75.83601614479724,Maintenance
AMB_0429,Advanced Life Support,26.84737558697186,75.71536495928179,Available
AMB_0430,Basic Life Support,26.931028572913874,75.76972690962506,Available
AMB_0431,Advanced Life Support,26.790881528981767,75.78925776232256,Busy
AMB_0432,Advanced Life Support,26.921188288262222,75.8387087663881,Available
AMB_0433,Advanced Life Support,26.923501567170383,75.79601922511175,Busy
AMB_0434,Critical Care,26.964976811320007,75.91275583741763,Available
AMB_0435,Basic Life Support,26.96929409182386,75.77851410618813,Available
AMB_0436,Advanced Life Support,26.94404201337418,75.89136731801041,Busy
AMB_0437,Critical Care,26.95205533847386,75.92377973675019,Available
AMB_0438,Advanced Life Support,26.80132482122209,75.97760500349018,Available
AMB_0439,Basic Life Support,26.975783353872526,75.85759801298606,Available
AMB_0440,Critical Care,26.939760616933956,75.90864972531445,Available
AMB_0441,Advanced Life Support,26.97611618973576,75.6641568793107,Available
AMB_0442,Basic Life Support,26.950715644321203,75.67344197395491,Available
AMB_0443,Advanced Life Support,26.834168943466462,75.82825647227297,Available
AMB_0444,Advanced Life Support,26.982725633276857,75.85387342090361,Available
AMB_0445,Basic Life Support,26.827028747442334,75.77685051339651,Available
AMB_0446,Advanced Life Support,26.972151792007917,75.79805903364272,Available
AMB_0447,Basic Life Support,26.93117099333233,75.99094219293022,Busy
AMB_0448,Basic Life Support,26.838783763478695,75.7531538880788,Available
AMB_0449,Basic Life Support,26.77898569725834,75.73614899456625,Available
AMB_0450,Basic Life Support,26.816440233655495,75.84662051183562,Busy
AMB_0451,Advanced Life Support,26.918074768549566,75.84372031211329,Busy
AMB_0452,Advanced Life Support,26.943471907814903,75.83987192178239,Maintenance
AMB_0453,Advanced Life Support,26.961996047620612,75.88994410173851,Available
AMB_0454,Basic Life Support,26.85588373413683,75.99120372858742,Available
AMB_0455,Basic Life Support,26.929616637213265,75.90905097147852,Available
AMB_0456,Basic Life Support,26.810636520755512,75.7160427583022,Available
AMB_0457,Basic Life Support,26.876793953867388,75.66306018480812,Available
AMB_0458,Advanced Life Support,26.92324676995663,75.98458129878175,Available
AMB_0459,Advanced Life Support,26.981850002472832,75.86016863682416,Available
AMB_0460,Advanced Life Support,26.867502415219494,75.79558126449457,Available
AMB_0461,Basic Life Support,26.990855229022287,75.93389278039233,Busy
AMB_0462,Critical Care,26.875976590613142,75.71326968059064,Available
AMB_0463,Advanced Life Support,26.92391303988105,75.71826343952682,Available
AMB_0464,Advanced Life Support,26.96105293019434,75.65996208307376,Available
AMB_0465,Basic Life Support,26.893476371510033,75.99892219888588,Available
AMB_0466,Basic Life Support,26.88996395906058,75.97570811381664,Available
AMB_0467,Basic Life Support,26.84895194069884,75.99517332114876,Available
AMB_0468,Advanced Life Support,26.89550275719454,75.74953595716637,Available
AMB_0469,Advanced Life Support,26.86036233567944,75.7007994889576,Maintenance
AMB_0470,Critical Care,26.94807836881863,75.68931208863403,Available
AMB_0471,Basic Life Support,26.948772350326777,75.79822155933859,Available
AMB_0472,Basic Life Support,26.86947157070947,75.77524052776401,Busy
AMB_0473,Advanced Life Support,26.78477194861939,75.87861322548194,Available
AMB_0474,Advanced Life Support,26.80071935030833,75.81017024321693,Available
AMB_0475,Advanced Life Support,26.92189788762438,75.7294443544951,Available
AMB_0476,Basic Life Support,26.781743787099753,75.7879572059598,Available
AMB_0477,Basic Life Support,26.879751412703257,75.70395120427841,Available
AMB_0478,Basic Life Support,26.855378203039262,75.75363835090498,Available
AMB_0479,Basic Life Support,26.874805209379062,75.85192115077355,Busy
AMB_0480,Advanced Life Support,26.82136117701066,75.8848744045981,Available
AMB_0481,Basic Life Support,26.820291733302703,75.93507582752834,Available
AMB_0482,Basic Life Support,26.942767218632117,75.82348758738006,Available
AMB_0483,Advanced Life Support,26.903895845974187,75.97506872429908,Available
AMB_0484,Critical Care,26.905326604988478,75.80264768247743,Available
AMB_0485,Critical Care,26.899572058982265,75.74598380202922,Busy
AMB_0486,Critical Care,26.97566380569478,75.80657943367147,Available
AMB_0487,Advanced Life Support,26.87846247158392,75.87994322426185,Busy
AMB_0488,Basic Life Support,26.983770298983895,75.71394932463897,Busy
AMB_0489,Advanced Life Support,26.910956063489788,75.96595851191168,Available
AMB_0490,Basic Life Support,26.75370714054193,75.94902153702088,Available
AMB_0491,Basic Life Support,26.943924366667535,75.82165987149334,Available
AMB_0492,Basic Life Support,26.892214566779973,75.8562656899031,Available
AMB_0493,Basic Life Support,26.853489468366995,75.99378135941866,Available
AMB_0494,Basic Life Support,26.786940159227445,75.90745451482377,Available
AMB_0495,Advanced Life Support,26.783373798013773,75.97420124338205,Busy
AMB_0496,Basic Life Support,26.934754439011787,75.94926997542211,Available
AMB_0497,Advanced Life Support,26.804530169441282,75.91772377250803,Available
AMB_0498,Basic Life Support,26.901306386611513,75.70012335550284,Busy
AMB_0499,Advanced Life Support,26.854594668062365,75.9622013085965,Busy
AMB_0500,Basic Life Support,26.872645484351118,75.98070539825599,Busy
AMB_0501,Basic Life Support,26.98969281735634,75.91299465352769,Available
AMB_0502,Advanced Life Support,26.75332732908714,75.73099118483907,Available
AMB_0503,Basic Life Support,26.84228640985029,75.82470621336205,Busy
AMB_0504,Basic Life Support,26.847088725059603,75.97534851271847,Available
AMB_0505,Basic Life Support,26.95017540720473,75.69215847298378,Maintenance
AMB_0506,Basic Life Support,26.781375878997633,75.8819318582691,Available
AMB_0507,Basic Life Support,26.76387162187527,75.75073020651362,Busy
AMB_0508,Basic Life Support,26.821056385929623,75.87108671534577,Busy
AMB_0509,Basic Life Support,26.902241169984674,75.74122831775605,Available
AMB_0510,Advanced Life Support,26.827638357311656,75.7810569655229,Available
AMB_0511,Basic Life Support,26.882318821804084,75.80500565339018,Available
AMB_0512,Critical Care,26.87814085341692,75.6724645196605,Available
AMB_0513,Basic Life Support,26.89167280658598,75.98319063145503,Available
AMB_0514,Advanced Life Support,26.756530509532148,75.76291124097628,Available
AMB_0515,Advanced Life Support,26.930954794061712,75.75817402088029,Busy
AMB_0516,Basic Life Support,26.810262558406173,75.89379690843296,Busy
AMB_0517,Basic Life Support,26.827398938116172,75.96838683951769,Available
AMB_0518,Basic Life Support,26.835259445263855,75.6565042416589,Busy
AMB_0519,Basic Life Support,26.81201885216515,75.69059502610672,Available
AMB_0520,Basic Life Support,26.88268816281345,75.73498921223702,Available
AMB_0521,Basic Life Support,26.881470780192654,75.69616131286823,Busy
AMB_0522,Basic Life Support,26.822323048620145,75.78235051831199,Available
AMB_0523,Advanced Life Support,26.894847767117692,75.66850833449097,Available
AMB_0524,Advanced Life Support,26.903029102036903,75.65819678898892,Available
AMB_0525,Advanced Life Support,26.90862729439215,75.70730312220466,Available
AMB_0526,Basic Life Support,26.972733226276155,75.86889926984769,Busy
AMB_0527,Basic Life Support,26.91198735984598,75.94478101112762,Busy
AMB_0528,Critical Care,26.99552503015196,75.91287001504938,Busy
AMB_0529,Advanced Life Support,26.78709823038064,75.71728678015833,Available
AMB_0530,Basic Life Support,26.760072040739818,75.67149675648348,Available
AMB_0531,Critical Care,26.903930662248825,75.66999211431906,Available
AMB_0532,Advanced Life Support,26.868947940195564,75.68295457169303,Available
AMB_0533,Advanced Life Support,26.828705414610077,75.84678958310596,Available
AMB_0534,Basic Life Support,26.999073892246887,75.7153177701925,Busy
AMB_0535,Critical Care,26.858152269473564,75.90072069401155,Available
AMB_0536,Basic Life Support,26.827900216703483,75.68924629502656,Busy
AMB_0537,Advanced Life Support,26.900688339209267,75.96333738414643,Available
AMB_0538,Advanced Life Support,26.86815223886989,75.65776723649752,Available
AMB_0539,Advanced Life Support,26.886647436736204,75.95132209017474,Busy
AMB_0540,Basic Life Support,26.96240432687974,75.66656739433547,Busy
AMB_0541,Basic Life Support,26.95428639446237,75.91178185215553,Available
AMB_0542,Advanced Life Support,26.87202722485558,75.72262853791756,Busy
AMB_0543,Advanced Life Support,26.852299768606493,75.70977499966568,Available
AMB_0544,Basic Life Support,26.760786764158855,75.72756794360642,Available
AMB_0545,Basic Life Support,26.96219650321259,75.76163210041392,Busy
AMB_0546,Basic Life Support,26.941477327113276,75.84322057339806,Available
AMB_0547,Basic Life Support,26.797114722761258,75.75678711476475,Available
AMB_0548,Basic Life Support,26.940956158223585,75.70206387370811,Available
AMB_0549,Advanced Life Support,26.787784089264417,75.81797835572615,Available
AMB_0550,Advanced Life Support,26.94777226969366,75.77788695749382,Busy
AMB_0551,Basic Life Support,26.885054502680795,75.71618603528219,Available
AMB_0552,Basic Life Support,26.802436246904943,75.85247313534637,Available
AMB_0553,Basic Life Support,26.807416729230923,75.95558739630897,Busy
AMB_0554,Critical Care,26.91502296553048,75.91710939717936,Available
AMB_0555,Advanced Life Support,26.910428264867633,75.99526787934656,Available
AMB_0556,Advanced Life Support,26.964656739271703,75.79781528287832,Maintenance
AMB_0557,Advanced Life Support,26.902373530972564,75.96571534945699,Maintenance
AMB_0558,Advanced Life Support,26.997675593818116,75.93045426198994,Available
AMB_0559,Basic Life Support,26.755382441031003,75.82065758718457,Available
AMB_0560,Advanced Life Support,26.857061991464672,75.94383568152048,Available
AMB_0561,Advanced Life Support,26.966725880164013,75.89527307774927,Available
AMB_0562,Critical Care,26.801205130450633,75.77313935206872,Busy
AMB_0563,Basic Life Support,26.856319273028344,75.81114319730473,Available
AMB_0564,Advanced Life Support,26.75911533044331,75.77266931932407,Busy
AMB_0565,Basic Life Support,26.858697925329494,75.7069176270854,Busy
AMB_0566,Basic Life Support,26.835914486040263,75.76995622274144,Busy
AMB_0567,Advanced Life Support,26.890440483756628,75.70752974117583,Available
AMB_0568,Advanced Life Support,26.79887839450984,75.92233644882943,Available
AMB_0569,Advanced Life Support,26.75463931765272,75.8553093613814,Available
AMB_0570,Basic Life Support,26.996775167933592,75.83690570770787,Available
AMB_0571,Critical Care,26.957802109695695,75.8303418964925,Busy
AMB_0572,Advanced Life Support,26.82230712894704,75.83239065017925,Available
AMB_0573,Advanced Life Support,26.929242600386686,75.90935298967108,Available
AMB_0574,Basic Life Support,26.88210460426923,75.79761602468444,Available
AMB_0575,Advanced Life Support,26.77344872633973,75.81001928176241,Available
AMB_0576,Advanced Life Support,26.850841425324752,75.74304621055576,Available
AMB_0577,Critical Care,26.8515776829814,75.99370743921764,Available
AMB_0578,Advanced Life Support,26.77629762837517,75.65537356966836,Maintenance
AMB_0579,Critical Care,26.78530454670729,75.96992310191624,Busy
AMB_0580,Advanced Life Support,26.91901920183905,75.67726750741767,Available
AMB_0581,Basic Life Support,26.87421005105094,75.66642688475626,Busy
AMB_0582,Advanced Life Support,26.809043576285347,75.86584811072625,Available
AMB_0583,Basic Life Support,26.773822719233745,75.89252249938876,Available
AMB_0584,Basic Life Support,26.947720948942962,75.66467737353729,Available
AMB_0585,Advanced Life Support,26.96197330824109,75.78367393460084,Available
AMB_0586,Basic Life Support,26.83486240786685,75.79346574521935,Busy
AMB_0587,Advanced Life Support,26.818974369711505,75.82783772950827,Available
AMB_0588,Critical Care,26.795764330340976,75.72206417099464,Available
AMB_0589,Basic Life Support,26.924437692860476,75.98945075969358,Busy
AMB_0590,Advanced Life Support,26.75928792868608,75.88932968729661,Available
AMB_0591,Basic Life Support,26.875067021186005,75.98859977674014,Available
AMB_0592,Basic Life Support,26.87323555456604,75.73455553352699,Busy
AMB_0593,Advanced Life Support,26.993371800711415,75.96886048962877,Available
AMB_0594,Advanced Life Support,26.91167870489338,75.915498840676,Busy
AMB_0595,Advanced Life Support,26.83476064498816,75.90080413145083,Available
AMB_0596,Advanced Life Support,26.781912265198585,75.87273940815797,Available
AMB_0597,Advanced Life Support,26.950140332615256,75.71020768667367,Busy
AMB_0598,Basic Life Support,26.84437909935781,75.73099217495145,Available
AMB_0599,Advanced Life Support,26.838459354279557,75.95764748734882,Available
AMB_0600,Advanced Life Support,26.750045673133762,75.97734274135512,Available
AMB_0601,Advanced Life Support,26.752089679665097,75.84165915381415,Available
AMB_0602,Advanced Life Support,26.906061822943915,75.77380679294559,Busy
AMB_0603,Advanced Life Support,26.84311700087908,75.95390918215116,Available
AMB_0604,Basic Life Support,26.88086761542562,75.88054787370537,Busy
AMB_0605,Basic Life Support,26.94586500033314,75.8299882866974,Busy
AMB_0606,Advanced Life Support,26.76855973290426,75.90479973514353,Busy
AMB_0607,Basic Life Support,26.9100714550799,75.81249157506781,Busy
AMB_0608,Basic Life Support,26.918139795839146,75.67995298809979,Available
AMB_0609,Basic Life Support,26.900876471078153,75.98143857624632,Available
AMB_0610,Basic Life Support,26.862853546027548,75.99765846207053,Busy
AMB_0611,Critical Care,26.783585160573917,75.94211906304878,Busy
AMB_0612,Basic Life Support,26.785939910275626,75.81375504376055,Available
AMB_0613,Basic Life Support,26.835257292065936,75.68367582670119,Available
AMB_0614,Basic Life Support,26.796691542139982,75.69770562256065,Available
AMB_0615,Basic Life Support,26.827284206565512,75.81076996620376,Available
AMB_0616,Critical Care,26.96716290459322,75.70015605325604,Busy
AMB_0617,Basic Life Support,26.996944146953684,75.99409476336824,Busy
AMB_0618,Advanced Life Support,26.85215778725745,75.73401522936797,Available
AMB_0619,Advanced Life Support,26.87282269249986,75.94229285198668,Busy
AMB_0620,Basic Life Support,26.833978774885097,75.6622402574766,Busy
AMB_0621,Basic Life Support,26.877984443103188,75.95186332299498,Available
AMB_0622,Basic Life Support,26.824077960740272,75.67555193964756,Available
AMB_0623,Basic Life Support,26.90479353238955,75.65632078651673,Available
AMB_0624,Basic Life Support,26.82664342694187,75.90809198481334,Available
AMB_0625,Advanced Life Support,26.984725513537068,75.94389344028065,Available
AMB_0626,Advanced Life Support,26.957542537306672,75.8657769855242,Available
AMB_0627,Advanced Life Support,26.991281465210772,75.94845601022162,Busy
AMB_0628,Advanced Life Support,26.897918002794164,75.99497870431075,Available
AMB_0629,Critical Care,26.797849801551347,75.83974936992439,Available
AMB_0630,Advanced Life Support,26.767342884118573,75.83817323436932,Available
AMB_0631,Basic Life Support,26.853383672628492,75.94313883426615,Available
AMB_0632,Critical Care,26.877576701421376,75.87586883849313,Maintenance
AMB_0633,Advanced Life Support,26.906078563741776,75.83748531646049,Available
AMB_0634,Advanced Life Support,26.968040170768212,75.80098181682052,Available
AMB_0635,Basic Life Support,26.924440465221824,75.66336294918267,Available
AMB_0636,Basic Life Support,26.911433617593854,75.9423250674894,Available
AMB_0637,Basic Life Support,26.841411116370185,75.85162480646242,Available
AMB_0638,Basic Life Support,26.86045730321058,75.90746454633845,Available
AMB_0639,Basic Life Support,26.75520323105045,75.86576823166251,Available
AMB_0640,Basic Life Support,26.920000042792964,75.70742065057127,Available
AMB_0641,Critical Care,26.767854108670534,75.97334618639731,Available
AMB_0642,Basic Life Support,26.829126759228785,75.66177073072942,Available
AMB_0643,Basic Life Support,26.926078945825026,75.87012206783221,Available
AMB_0644,Advanced Life Support,26.934233187648033,75.68747837941321,Available
AMB_0645,Advanced Life Support,26.928768094089854,75.70983956672428,Busy
AMB_0646,Basic Life Support,26.93269164401874,75.99697096490983,Available
AMB_0647,Basic Life Support,26.84530090105735,75.77781111901977,Available
AMB_0648,Advanced Life Support,26.999219482843426,75.91434752749383,Available
AMB_0649,Advanced Life Support,26.771373518808403,75.83841118167902,Available
AMB_0650,Basic Life Support,26.810159886952732,75.65538844502639,Available
AMB_0651,Basic Life Support,26.90051234450106,75.93769042829527,Available
AMB_0652,Advanced Life Support,26.91009100821236,75.76535272600596,Busy
AMB_0653,Basic Life Support,26.903716167081647,75.8685410350086,Available
AMB_0654,Basic Life Support,26.93811947808902,75.71218151075665,Available
AMB_0655,Critical Care,26.993760449546585,75.8945802412763,Available
AMB_0656,Advanced Life Support,26.97418214348073,75.96416842736146,Busy
AMB_0657,Basic Life Support,26.7900531113827,75.71844254342481,Busy
AMB_0658,Critical Care,26.963336029070877,75.8851474011838,Busy
AMB_0659,Advanced Life Support,26.978363656456214,75.79857704737502,Available
AMB_0660,Basic Life Support,26.78764510944508,75.88283676261973,Busy
AMB_0661,Advanced Life Support,26.96327622522719,75.85364336843902,Available
AMB_0662,Basic Life Support,26.929465787061794,75.7763164748034,Available
AMB_0663,Basic Life Support,26.886770874359108,75.7221448562683,Available
AMB_0664,Basic Life Support,26.768078714264835,75.92105006862707,Busy
AMB_0665,Advanced Life Support,26.99214046699107,75.69411837812929,Busy
AMB_0666,Advanced Life Support,26.994833245656693,75.85458423052245,Available
AMB_0667,Advanced Life Support,26.75578524118596,75.739253124449,Available
AMB_0668,Critical Care,26.99057398583677,75.87946155068211,Available
AMB_0669,Basic Life Support,26.86451882361561,75.94697572705076,Available
AMB_0670,Critical Care,26.87765749814595,75.65100863303428,Available
AMB_0671,Critical Care,26.90899708640258,75.94953595831167,Available
AMB_0672,Advanced Life Support,26.984521624051247,75.80146643605964,Busy
AMB_0673,Basic Life Support,26.84700572651428,75.65642793596186,Available
AMB_0674,Basic Life Support,26.952450223067235,75.75978817750838,Available
AMB_0675,Advanced Life Support,26.760137311106213,75.97265535714001,Maintenance
AMB_0676,Advanced Life Support,26.77820600736407,75.712427653806,Available
AMB_0677,Basic Life Support,26.959226904394374,75.71487996944974,Busy
AMB_0678,Advanced Life Support,26.798246814784772,75.78368268274042,Available
AMB_0679,Critical Care,26.803084388764255,75.76315579219441,Available
AMB_0680,Basic Life Support,26.822974122829432,75.73419203613533,Available
AMB_0681,Basic Life Support,26.909250249144097,75.74947061785146,Available
AMB_0682,Basic Life Support,26.77009871349806,75.87297843289679,Available
AMB_0683,Basic Life Support,26.865021100867366,75.92409511543784,Available
AMB_0684,Advanced Life Support,26.874806293127495,75.666698550915,Busy
AMB_0685,Critical Care,26.923941331220394,75.94711026616066,Available
AMB_0686,Advanced Life Support,26.873592569904105,75.65183333273023,Available
AMB_0687,Advanced Life Support,26.903218611124878,75.99860746466703,Available
AMB_0688,Advanced Life Support,26.810620079738747,75.72750732836688,Available
AMB_0689,Basic Life Support,26.931899155211166,75.98333262817542,Maintenance
AMB_0690,Advanced Life Support,26.78027676717804,75.87485442106069,Available
AMB_0691,Advanced Life Support,26.841766180798597,75.98245631388583,Available
AMB_0692,Advanced Life Support,26.932971028715727,75.76887236305804,Available
AMB_0693,Critical Care,26.91214827032166,75.99794345234962,Available
AMB_0694,Basic Life Support,26.866176612277837,75.80295973035206,Available
AMB_0695,Advanced Life Support,26.77888507222752,75.80806089284863,Available
AMB_0696,Basic Life Support,26.752087652253653,75.90523675514743,Available
AMB_0697,Advanced Life Support,26.98331880733748,75.85730065058914,Available
AMB_0698,Basic Life Support,26.811213942072897,75.86463228504336,Available
AMB_0699,Advanced Life Support,26.798384987091147,75.85147093054117,Available
AMB_0700,Basic Life Support,26.994541523248042,75.65954713658913,Available
AMB_0701,Basic Life Support,26.865468926862732,75.79675042895192,Busy
AMB_0702,Basic Life Support,26.882666597477726,75.9065062069063,Available
AMB_0703,Critical Care,26.88767732479652,75.7125579450071,Available
AMB_0704,Advanced Life Support,26.801253858199548,75.76090270014026,Available
AMB_0705,Basic Life Support,26.946000773561035,75.9714056673365,Available
AMB_0706,Basic Life Support,26.80849315915194,75.69697065486315,Available
AMB_0707,Advanced Life Support,26.754975636691835,75.72908573554034,Available
AMB_0708,Advanced Life Support,26.869944485732304,75.83061899969778,Available
AMB_0709,Basic Life Support,26.839727770813624,75.84584902995248,Busy
AMB_0710,Basic Life Support,26.80708316486228,75.91375645442345,Busy
AMB_0711,Advanced Life Support,26.768316024891394,75.77875398209113,Available
AMB_0712,Advanced Life Support,26.912814468372382,75.74590682279675,Available
AMB_0713,Advanced Life Support,26.953225278084343,75.90931325518463,Available
AMB_0714,Basic Life Support,26.985505077683,75.73254504933573,Available
AMB_0715,Basic Life Support,26.874776557666603,75.89860094225823,Available
AMB_0716,Advanced Life Support,26.75765905252497,75.90766365322764,Available
AMB_0717,Critical Care,26.785509139250347,75.92069650702393,Available
AMB_0718,Advanced Life Support,26.77594362279996,75.85496333525121,Maintenance
AMB_0719,Advanced Life Support,26.93521020712947,75.91839157772321,Busy
AMB_0720,Basic Life Support,26.815660672551427,75.96749863926432,Busy
AMB_0721,Critical Care,26.85238875414287,75.82572009043119,Busy
AMB_0722,Advanced Life Support,26.779002039589834,75.81458272007688,Available
AMB_0723,Critical Care,26.773395920308833,75.79077476774789,Available
AMB_0724,Advanced Life Support,26.899641755613732,75.66638253806906,Available
AMB_0725,Basic Life Support,26.912157467506564,75.69944125073307,Available
AMB_0726,Advanced Life Support,26.827966774641958,75.7705363686032,Available
AMB_0727,Critical Care,26.76964975581644,75.92462088446847,Busy
AMB_0728,Basic Life Support,26.85150695866584,75.86674414857572,Busy
AMB_0729,Advanced Life Support,26.94565641296072,75.79872889992507,Available
AMB_0730,Advanced Life Support,26.760810748175867,75.69203831030423,Available
AMB_0731,Basic Life Support,26.76838441252444,75.83896728207243,Available
AMB_0732,Advanced Life Support,26.876647629226376,75.65580866327488,Available
AMB_0733,Advanced Life Support,26.916318331236265,75.7462095724495,Available
AMB_0734,Advanced Life Support,26.80084367950403,75.94380705023327,Available
AMB_0735,Critical Care,26.89188160597715,75.85421777500545,Available
AMB_0736,Basic Life Support,26.970525370152988,75.71944493628806,Available
AMB_0737,Basic Life Support,26.910292131279697,75.92889215213488,Available
AMB_0738,Advanced Life Support,26.947343416103614,75.69736719887749,Available
AMB_0739,Basic Life Support,26.796650445010897,75.99404965249069,Available
AMB_0740,Critical Care,26.86879215557906,75.91621964527754,Available
AMB_0741,Basic Life Support,26.96292810534768,75.65698293575784,Available
AMB_0742,Advanced Life Support,26.78161071014489,75.90586841203873,Available
AMB_0743,Basic Life Support,26.921224226143902,75.68698342668901,Available
AMB_0744,Basic Life Support,26.847562244984424,75.92151012789083,Available
AMB_0745,Advanced Life Support,26.94573117870036,75.69314531374724,Available
AMB_0746,Advanced Life Support,26.862040036806597,75.77715912567261,Maintenance
AMB_0747,Basic Life Support,26.84371577248026,75.93966106343994,Available
AMB_0748,Advanced Life Support,26.80217587945188,75.84291641635403,Available
AMB_0749,Basic Life Support,26.92536162175988,75.91398709776641,Available
AMB_0750,Advanced Life Support,26.874052008625238,75.92653855784602,Available
AMB_0751,Basic Life Support,26.9506201012005,75.77264679506203,Busy
AMB_0752,Basic Life Support,26.80253453662082,75.69479911130817,Busy
AMB_0753,Basic Life Support,26.929101225793946,75.92044738205855,Available
AMB_0754,Advanced Life Support,26.963824364939715,75.68692984407093,Busy
AMB_0755,Basic Life Support,26.758717637252804,75.8914453336994,Available
AMB_0756,Basic Life Support,26.856390116691347,75.93059660778741,Available
AMB_0757,Advanced Life Support,26.920698327778567,75.93624176584652,Busy
AMB_0758,Basic Life Support,26.83679036464344,75.96587855172054,Busy
AMB_0759,Advanced Life Support,26.939471475634374,75.78953834049531,Available
AMB_0760,Advanced Life Support,26.90577377003159,75.70510497581863,Available
AMB_0761,Basic Life Support,26.83410259484468,75.70755652785802,Available
AMB_0762,Basic Life Support,26.829667711368348,75.65272073032149,Available
AMB_0763,Basic Life Support,26.919431162551266,75.70733789458889,Available
AMB_0764,Basic Life Support,26.88684438369779,75.70585804925935,Available
AMB_0765,Advanced Life Support,26.76498876080741,75.6876804169654,Available
AMB_0766,Basic Life Support,26.781817511558906,75.68636155305988,Available
AMB_0767,Basic Life Support,26.85427981412223,75.74888632365132,Available
AMB_0768,Basic Life Support,26.88583213320619,75.7508662820642,Available
AMB_0769,Basic Life Support,26.83833944254509,75.71826669634841,Busy
AMB_0770,Advanced Life Support,26.861074215996208,75.6861361368311,Available
AMB_0771,Critical Care,26.866906289975674,75.68537250244086,Busy
AMB_0772,Advanced Life Support,26.922115063961485,75.93018574394074,Maintenance
AMB_0773,Basic Life Support,26.949984477122854,75.73537943001679,Busy
AMB_0774,Critical Care,26.986299843284886,75.92718556153821,Available
AMB_0775,Advanced Life Support,26.879434539575186,75.65144300961272,Busy
AMB_0776,Basic Life Support,26.80308295395872,75.81077591058795,Available
AMB_0777,Advanced Life Support,26.97977384681844,75.73351404105362,Available
AMB_0778,Advanced Life Support,26.773372113758594,75.93719425673306,Available
AMB_0779,Basic Life Support,26.922243649736878,75.69639231432309,Busy
AMB_0780,Basic Life Support,26.829467884747945,75.65820024553065,Available
AMB_0781,Basic Life Support,26.91057430285475,75.88163086676794,Busy
AMB_0782,Basic Life Support,26.882963174133067,75.77862960323716,Available
AMB_0783,Basic Life Support,26.78457028514858,75.71942204458155,Busy
AMB_0784,Basic Life Support,26.9050934342547,75.82740251813938,Available
AMB_0785,Basic Life Support,26.79842634507358,75.91461950774995,Available
AMB_0786,Basic Life Support,26.918758507476323,75.67931574704798,Available
AMB_0787,Advanced Life Support,26.9091266189991,75.71751435622166,Available
AMB_0788,Advanced Life Support,26.974496542385573,75.76104398956535,Available
AMB_0789,Basic Life Support,26.958756378196302,75.70331097208931,Busy
AMB_0790,Advanced Life Support,26.768912706339982,75.83991623652113,Available
AMB_0791,Advanced Life Support,26.845315589019798,75.73813785656561,Available
AMB_0792,Advanced Life Support,26.927383053510678,75.94811783644428,Available
AMB_0793,Advanced Life Support,26.937013486235852,75.83743530833702,Available
AMB_0794,Advanced Life Support,26.85606739397704,75.7903449478875,Available
AMB_0795,Basic Life Support,26.9653582504143,75.90119062153859,Available
AMB_0796,Advanced Life Support,26.758705568457675,75.71640573497224,Available
AMB_0797,Basic Life Support,26.915386484810877,75.75279862796371,Available
AMB_0798,Basic Life Support,26.967381033552964,75.73290352895341,Available
AMB_0799,Advanced Life Support,26.93040743624703,75.8295058495563,Busy
AMB_0800,Basic Life Support,26.767087888742843,75.66430632971127,Busy
AMB_0801,Advanced Life Support,26.983522635151804,75.80204634371532,Available
AMB_0802,Basic Life Support,26.768746848957107,75.86147381449973,Available
AMB_0803,Advanced Life Support,26.79990917187185,75.89591839933463,Busy
AMB_0804,Basic Life Support,26.789294187153434,75.98903122242186,Busy
AMB_0805,Basic Life Support,26.94417384152338,75.86720776193434,Available
AMB_0806,Basic Life Support,26.987179958439473,75.94941299496888,Available
AMB_0807,Basic Life Support,26.931848283295338,75.90655479873855,Available
AMB_0808,Critical Care,26.802124132931603,75.75224882648806,Maintenance
AMB_0809,Advanced Life Support,26.835877357629982,75.69118624008121,Available
AMB_0810,Critical Care,26.951741656763172,75.72244387569808,Available
AMB_0811,Advanced Life Support,26.936532999201642,75.84919432417792,Available
AMB_0812,Basic Life Support,26.861201017926064,75.7529973786119,Available
AMB_0813,Advanced Life Support,26.921151115902536,75.67567234980095,Busy
AMB_0814,Critical Care,26.76780969791991,75.78487977109027,Available
AMB_0815,Critical Care,26.98779002910358,75.91213880852834,Available
AMB_0816,Basic Life Support,26.898205019113146,75.7825940013306,Busy
AMB_0817,Critical Care,26.94150133483705,75.92740085138334,Available
AMB_0818,Critical Care,26.790269180600493,75.88635706792383,Available
AMB_0819,Basic Life Support,26.85979975877173,75.99406009918806,Busy
AMB_0820,Basic Life Support,26.947026542321755,75.77191163778133,Busy
AMB_0821,Critical Care,26.99966866246807,75.76371281204801,Available
AMB_0822,Basic Life Support,26.945199101203944,75.86920865782123,Available
AMB_0823,Advanced Life Support,26.870572259373176,75.93404921530372,Available
AMB_0824,Advanced Life Support,26.785091840730857,75.70264341688025,Available
AMB_0825,Basic Life Support,26.91752614483372,75.8325356179167,Available
AMB_0826,Basic Life Support,26.95975220765011,75.92250293696492,Available
AMB_0827,Advanced Life Support,26.795691389309194,75.68805861756573,Available
AMB_0828,Advanced Life Support,26.972508436248976,75.88405267163458,Available
AMB_0829,Advanced Life Support,26.775397567594766,75.68482314132255,Available
AMB_0830,Advanced Life Support,26.88430616304992,75.91300753791033,Available
AMB_0831,Basic Life Support,26.779631852903258,75.99089495226185,Available
AMB_0832,Basic Life Support,26.88342943228341,75.72836041236441,Maintenance
AMB_0833,Advanced Life Support,26.947324138650526,75.65488127013778,Available
AMB_0834,Advanced Life Support,26.885114175502245,75.87179421633607,Available
AMB_0835,Basic Life Support,26.80465591124683,75.99820056518776,Available
AMB_0836,Advanced Life Support,26.941523365096543,75.93377617173438,Available
AMB_0837,Basic Life Support,26.85080096227882,75.78947809589317,Busy
AMB_0838,Basic Life Support,26.883426115479704,75.96913370517295,Available
AMB_0839,Advanced Life Support,26.7612747756195,75.69691987607345,Available
AMB_0840,Advanced Life Support,26.826339868360716,75.84241957087089,Available
AMB_0841,Advanced Life Support,26.82950728029198,75.93504640649672,Available
AMB_0842,Basic Life Support,26.80306160961925,75.77551277580048,Available
AMB_0843,Basic Life Support,26.906802809467624,75.87964037635862,Available
AMB_0844,Basic Life Support,26.960649335891436,75.86798552414909,Busy
AMB_0845,Basic Life Support,26.98731133996363,75.92815655691811,Available
AMB_0846,Basic Life Support,26.837124011385416,75.8788887412331,Busy
AMB_0847,Critical Care,26.884940628630375,75.76143355977767,Busy
AMB_0848,Basic Life Support,26.975210067401772,75.87200246204296,Available
AMB_0849,Critical Care,26.876898254747662,75.76210757229927,Available
AMB_0850,Advanced Life Support,26.961746207816283,75.9789599954657,Busy
AMB_0851,Critical Care,26.805546749341108,75.8665242672943,Available
AMB_0852,Advanced Life Support,26.850458468957513,75.8440047472344,Available
AMB_0853,Critical Care,26.956299921115473,75.74078715154184,Available
AMB_0854,Advanced Life Support,26.78910610593613,75.87739837704376,Busy
AMB_0855,Advanced Life Support,26.801331943152455,75.83736427037437,Busy
AMB_0856,Basic Life Support,26.75023278061956,75.71041584742302,Busy
AMB_0857,Basic Life Support,26.957485019947196,75.75866003731316,Maintenance
AMB_0858,Basic Life Support,26.86292724627827,75.89758085096516,Available
AMB_0859,Critical Care,26.801052280957727,75.75387279216861,Available
AMB_0860,Basic Life Support,26.93483193492618,75.82872459265464,Available
AMB_0861,Basic Life Support,26.7586209651322,75.91058573913035,Available
AMB_0862,Critical Care,26.767695911654272,75.8275276606245,Available
AMB_0863,Basic Life Support,26.983401522035052,75.7114914986115,Available
AMB_0864,Basic Life Support,26.911867396685516,75.84926226010622,Available
AMB_0865,Basic Life Support,26.98310665658312,75.90781626020386,Available
AMB_0866,Advanced Life Support,26.8702020233262,75.67664452952134,Busy
AMB_0867,Advanced Life Support,26.96518974783371,75.84446424883104,Busy
AMB_0868,Advanced Life Support,26.765934661619305,75.9011331751202,Available
AMB_0869,Advanced Life Support,26.975577137985965,75.94917904677713,Busy
AMB_0870,Advanced Life Support,26.75777929148927,75.98076059807414,Available
AMB_0871,Advanced Life Support,26.783263374347797,75.78598658020323,Available
AMB_0872,Advanced Life Support,26.999555000013586,75.73442413504507,Available
AMB_0873,Basic Life Support,26.758235673506967,75.88047252467344,Available
AMB_0874,Critical Care,26.99563242637033,75.7810624578061,Available
AMB_0875,Basic Life Support,26.874828333730342,75.98735574642905,Available
AMB_0876,Basic Life Support,26.94635370328492,75.86958381392317,Available
AMB_0877,Basic Life Support,26.916097326463955,75.67335895544103,Available
AMB_0878,Basic Life Support,26.759120529880764,75.82707240241628,Available
AMB_0879,Basic Life Support,26.89069872939086,75.94326343726313,Busy
AMB_0880,Critical Care,26.833639726922637,75.76299681124347,Busy
AMB_0881,Basic Life Support,26.811216935116878,75.7918015421926,Available
AMB_0882,Critical Care,26.946054582008756,75.83765722201821,Busy
AMB_0883,Advanced Life Support,26.771909304513617,75.70977945902553,Busy
AMB_0884,Advanced Life Support,26.86384497841061,75.9945359272814,Available
AMB_0885,Basic Life Support,26.9153536128816,75.7698335192267,Available
AMB_0886,Basic Life Support,26.759521828142155,75.9625612008064,Busy
AMB_0887,Basic Life Support,26.84540353738754,75.96879143588924,Available
AMB_0888,Advanced Life Support,26.916120532784547,75.78334722084894,Busy
AMB_0889,Basic Life Support,26.76710402158466,75.70262242854552,Available
AMB_0890,Basic Life Support,26.775920077177776,75.97571139992006,Available
AMB_0891,Critical Care,26.941515248909976,75.82113053888934,Maintenance
AMB_0892,Basic Life Support,26.904809579762,75.88879181318674,Busy
AMB_0893,Advanced Life Support,26.96324493539544,75.96880983833972,Busy
AMB_0894,Critical Care,26.763731301644253,75.7249443008953,Available
AMB_0895,Advanced Life Support,26.99359792147425,75.99132218778922,Available
AMB_0896,Critical Care,26.832649297904304,75.6810609850962,Available
AMB_0897,Basic Life Support,26.778335470450948,75.91143714681607,Available
AMB_0898,Advanced Life Support,26.935691677221435,75.67400931376255,Busy
AMB_0899,Advanced Life Support,26.79693906282329,75.73136280106311,Available
AMB_0900,Basic Life Support,26.949011590576884,75.76911483212128,Busy
AMB_0901,Basic Life Support,26.785398904309226,75.98326638548473,Available
AMB_0902,Basic Life Support,26.836351078778577,75.86585130689592,Busy
AMB_0903,Advanced Life Support,26.91416583857554,75.97669386064888,Available
AMB_0904,Advanced Life Support,26.871690400663688,75.80816212174513,Available
AMB_0905,Critical Care,26.849875256913155,75.75769773186724,Busy
AMB_0906,Advanced Life Support,26.80935388245383,75.75004881519462,Available
AMB_0907,Critical Care,26.91029305668426,75.67216395079879,Busy
AMB_0908,Advanced Life Support,26.760335242725112,75.86144610363662,Available
AMB_0909,Critical Care,26.952103503316163,75.8554187968617,Busy
AMB_0910,Basic Life Support,26.978188924888496,75.8672517721777,Maintenance
AMB_0911,Advanced Life Support,26.755818548845053,75.90665594409289,Available
AMB_0912,Basic Life Support,26.85672276975977,75.98261842363489,Available
AMB_0913,Advanced Life Support,26.929027055833586,75.81304808901764,Available
AMB_0914,Critical Care,26.87821269143723,75.6671472679369,Busy
AMB_0915,Advanced Life Support,26.932445941953333,75.66594443155377,Available
AMB_0916,Basic Life Support,26.827453549024014,75.75107381361678,Available
AMB_0917,Advanced Life Support,26.92834527324806,75.79372812193456,Busy
AMB_0918,Basic Life Support,26.861582258807996,75.88843469404671,Available
AMB_0919,Basic Life Support,26.754854299506565,75.69741942922772,Available
AMB_0920,Advanced Life Support,26.75667358980408,75.84156179867907,Available
AMB_0921,Basic Life Support,26.927808386016594,75.86614671106844,Available
AMB_0922,Critical Care,26.94731480683761,75.6549438318574,Available
AMB_0923,Advanced Life Support,26.972431217044385,75.78809592760076,Busy
AMB_0924,Advanced Life Support,26.867680198159857,75.77487765280566,Available
AMB_0925,Basic Life Support,26.900095463965016,75.93144109172711,Available
AMB_0926,Critical Care,26.792237261028813,75.9386444990883,Available
AMB_0927,Basic Life Support,26.822075484416832,75.68674578451322,Maintenance
AMB_0928,Advanced Life Support,26.92157992311472,75.86773991104447,Available
AMB_0929,Basic Life Support,26.78113590465933,75.65092053717736,Available
AMB_0930,Critical Care,26.92672187579351,75.95800613419554,Available
AMB_0931,Advanced Life Support,26.976998989451584,75.74438435427759,Available
AMB_0932,Critical Care,26.84448837602854,75.67060821962073,Maintenance
AMB_0933,Basic Life Support,26.833578941592283,75.66285844327686,Busy
AMB_0934,Basic Life Support,26.77427027562238,75.70574829418271,Available
AMB_0935,Advanced Life Support,26.77160860860095,75.98164868896524,Available
AMB_0936,Basic Life Support,26.900784494219337,75.7715182261384,Available
AMB_0937,Basic Life Support,26.752897111019102,75.91705903885457,Available
AMB_0938,Advanced Life Support,26.774222509671485,75.92844384003712,Available
AMB_0939,Advanced Life Support,26.965538873231264,75.85099055802779,Available
AMB_0940,Advanced Life Support,26.906268643865648,75.66047881202263,Available
AMB_0941,Advanced Life Support,26.985935949369154,75.9007253357727,Maintenance
AMB_0942,Basic Life Support,26.902146282666212,75.65366893621257,Available
AMB_0943,Basic Life Support,26.815282305744766,75.77773483312995,Available
AMB_0944,Basic Life Support,26.82348906634696,75.68517754305294,Available
AMB_0945,Basic Life Support,26.96085989364348,75.70871271335852,Available
AMB_0946,Basic Life Support,26.800904614640004,75.92802087056397,Available
AMB_0947,Advanced Life Support,26.781631443327335,75.88387595328794,Available
AMB_0948,Advanced Life Support,26.86249339800118,75.82192549091114,Available
AMB_0949,Advanced Life Support,26.942143198528306,75.8311409686062,Available
AMB_0950,Advanced Life Support,26.812959504099272,75.92086786803834,Busy
AMB_0951,Basic Life Support,26.924094324487413,75.87159905747198,Available
AMB_0952,Basic Life Support,26.966851695513142,75.85060771346987,Available
AMB_0953,Basic Life Support,26.785085390709025,75.81787579829151,Available
AMB_0954,Advanced Life Support,26.767775844404895,75.79599277042196,Available
AMB_0955,Advanced Life Support,26.96909831973284,75.70629931379722,Available
AMB_0956,Basic Life Support,26.937890851160102,75.95276918153553,Available
AMB_0957,Advanced Life Support,26.824284752938258,75.81251782552617,Available
AMB_0958,Advanced Life Support,26.969643533101777,75.83404416878565,Available
AMB_0959,Critical Care,26.888341552119776,75.84723519244255,Available
AMB_0960,Critical Care,26.987722656288245,75.93392829387827,Busy
AMB_0961,Basic Life Support,26.998759199673145,75.69643159476863,Available
AMB_0962,Advanced Life Support,26.905768369837045,75.98144355666803,Available
AMB_0963,Advanced Life Support,26.947695774216218,75.94954133482989,Busy
AMB_0964,Advanced Life Support,26.977524962239467,75.87794747494064,Available
AMB_0965,Advanced Life Support,26.91354983601271,75.76398233950373,Available
AMB_0966,Basic Life Support,26.943967638330957,75.6630034461218,Maintenance
AMB_0967,Basic Life Support,26.820961605519155,75.73577467301513,Busy
AMB_0968,Critical Care,26.99265396127571,75.96749707307644,Maintenance
AMB_0969,Critical Care,26.93223991923999,75.74488630847371,Maintenance
AMB_0970,Critical Care,26.99952392524516,75.84670168935553,Available
AMB_0971,Critical Care,26.98543062546126,75.81787373078954,Available
AMB_0972,Basic Life Support,26.934805651273994,75.92878845302123,Available
AMB_0973,Basic Life Support,26.956759764385186,75.71967398646389,Busy
AMB_0974,Critical Care,26.9595460539362,75.98679034780596,Available
AMB_0975,Critical Care,26.92279565330322,75.72137509110722,Busy
AMB_0976,Basic Life Support,26.99416217946972,75.99795637051052,Available
AMB_0977,Advanced Life Support,26.91207689119721,75.89934416755183,Busy
AMB_0978,Basic Life Support,26.891004630002968,75.96514883390604,Available
AMB_0979,Critical Care,26.87911850342234,75.84492242693699,Busy
AMB_0980,Advanced Life Support,26.763802527444202,75.65073815360913,Available
AMB_0981,Basic Life Support,26.77167109714651,75.75257744643459,Available
AMB_0982,Advanced Life Support,26.88611460809508,75.92735786446808,Available
AMB_0983,Critical Care,26.94224126577043,75.70689232064014,Busy
AMB_0984,Critical Care,26.972836803130225,75.98600651751707,Available
AMB_0985,Critical Care,26.931957181166965,75.68131277757456,Available
AMB_0986,Critical Care,26.997233400073164,75.8010604785677,Available
AMB_0987,Critical Care,26.843189002714556,75.77844069004256,Available
AMB_0988,Critical Care,26.89036491993741,75.94486812967297,Available
AMB_0989,Advanced Life Support,26.920572613211043,75.86256466612866,Available
AMB_0990,Critical Care,26.952884437706427,75.6800559865982,Available
AMB_0991,Advanced Life Support,26.803783376248926,75.87315561073879,Available
AMB_0992,Advanced Life Support,26.952569564136162,75.98022882179993,Available
AMB_0993,Advanced Life Support,26.98026478412945,75.70879701935937,Available
AMB_0994,Advanced Life Support,26.8731215611863,75.70496673156795,Busy
AMB_0995,Basic Life Support,26.85535738992068,75.70292627475668,Available
AMB_0996,Basic Life Support,26.75122051727808,75.91350500189834,Maintenance
AMB_0997,Basic Life Support,26.750444599644307,75.73912515676895,Available
AMB_0998,Advanced Life Support,26.964979078939432,75.8854634486228,Available
AMB_0999,Advanced Life Support,26.790452128269745,75.86485078828369,Available
AMB_1000,Basic Life Support,26.821756162519826,75.80145973909396,Available
